{
  "timestamp": "2025-01-01T03:22:00",
  "ph": 6.54057297,
  "turbidity": 3.799661492,
  "temperature": 22.24030194,
  "tds": 467.0699764,
  "conductivity": 777.8556232
}