{
  "timestamp": "2025-01-01T03:05:00",
  "ph": 6.531098516,
  "turbidity": 3.356800593,
  "temperature": 24.70195181,
  "tds": 334.4033318,
  "conductivity": 644.8938871
}